GPS_Epoch_Time(s),lat(deg),lat(min*1e5),long(deg),long(min*1e5)
1610720381.60,37,5671973,-122,-4705816
1610720442.40,37,5671968,-122,-4705820
1610720502.80,37,5671985,-122,-4705857
1610720563.20,37,5671978,-122,-4705855
1610720623.60,37,5671969,-122,-4705834
1610720684.00,37,5671931,-122,-4705859
1610720744.40,37,5671947,-122,-4705826
1610720804.80,37,5671974,-122,-4705884
1610720865.20,37,5671971,-122,-4705853
1610720925.20,37,5671910,-122,-4705821
1610720985.60,37,5671883,-122,-4705790
1610721046.00,37,5671894,-122,-4705770
1610721106.40,37,5671819,-122,-4705802
1610721166.80,37,5671854,-122,-4705782
1610721227.20,37,5671866,-122,-4705793
1610721287.60,37,5671812,-122,-4705748
1610721348.00,37,5671766,-122,-4705769
1610721408.40,37,5671755,-122,-4705742
1610721468.80,37,5671735,-122,-4705686
1610721529.20,37,5671783,-122,-4705640
1610721589.60,37,5671655,-122,-4705728
1610721650.00,37,5671645,-122,-4705661
1610721710.40,37,5671681,-122,-4705612
1610721770.80,37,5671628,-122,-4705586
1610721831.20,37,5671664,-122,-4705518
1610721891.60,37,5671740,-122,-4705526
1610721952.00,37,5671822,-122,-4705362
1610722012.40,37,5671770,-122,-4705307
1610722072.80,37,5671826,-122,-4705235
1610722133.20,37,5671852,-122,-4705173
1610722193.60,37,5671876,-122,-4705209
1610722254.00,37,5671899,-122,-4705036
1610722314.40,37,5671933,-122,-4704938
1610722374.80,37,5671957,-122,-4704965
1610722435.20,37,5671968,-122,-4705001
1610722495.60,37,5671982,-122,-4704995
1610722556.00,37,5671986,-122,-4705012
1610722616.40,37,5671950,-122,-4705112
1610722676.80,37,5671890,-122,-4705103
1610722737.20,37,5671890,-122,-4705181
1610722797.60,37,5671796,-122,-4705209
1610722858.00,37,5671803,-122,-4705289
1610722918.40,37,5671805,-122,-4705229
1610722978.80,37,5671818,-122,-4705166
1610723039.20,37,5671788,-122,-4705101
1610723099.60,37,5671829,-122,-4705017
1610723160.00,37,5671842,-122,-4704962
1610723220.40,37,5671791,-122,-4704966
1610723280.80,37,5671765,-122,-4704919
1610723341.20,37,5671760,-122,-4704872
1610723401.60,37,5671722,-122,-4704854
1610723462.00,37,5671714,-122,-4704784
1610723522.40,37,5671698,-122,-4704718
1610723582.80,37,5671697,-122,-4704815
1610723643.20,37,5671711,-122,-4704918
1610723703.60,37,5671671,-122,-4704997
1610723764.00,37,5671631,-122,-4704975
1610723824.40,37,5671667,-122,-4705023
1610723884.80,37,5671620,-122,-4705045
1610723945.20,37,5671590,-122,-4705116
1610724005.20,37,5671553,-122,-4705226
1610724065.60,37,5671550,-122,-4705218
1610724126.00,37,5671538,-122,-4705314
1610724186.40,37,5671466,-122,-4705311
1610724246.80,37,5671540,-122,-4705287
1610724307.20,37,5671553,-122,-4705259
1610724367.60,37,5671552,-122,-4705201
1610724428.00,37,5671558,-122,-4705099
1610724488.40,37,5671541,-122,-4705059
1610724548.80,37,5671630,-122,-4704873
1610724609.20,37,5671598,-122,-4704787
1610724669.60,37,5671693,-122,-4704626
1610724729.60,37,5671734,-122,-4704588
1610724790.40,37,5671798,-122,-4704579
1610724850.80,37,5671827,-122,-4704507
1610724911.20,37,5671902,-122,-4704515
1610724971.60,37,5671850,-122,-4704547
1610725032.00,37,5671893,-122,-4704554
1610725092.40,37,5671879,-122,-4704535
1610725152.80,37,5671792,-122,-4704526
1610725213.20,37,5671791,-122,-4704591
1610725273.60,37,5671760,-122,-4704710
1610725334.00,37,5671757,-122,-4704677
1610725394.40,37,5671815,-122,-4704725
1610725454.80,37,5671787,-122,-4704723
1610725515.20,37,5671851,-122,-4704737
1610725575.60,37,5671773,-122,-4704742
1610725636.00,37,5671808,-122,-4704754
1610725696.40,37,5671706,-122,-4704767
1610725756.80,37,5671693,-122,-4704774
1610725817.20,37,5671755,-122,-4704649
1610725877.60,37,5671687,-122,-4704623
1610725938.00,37,5671709,-122,-4704617
1610725998.40,37,5671698,-122,-4704597
1610726058.80,37,5671676,-122,-4704586
1610726119.20,37,5671609,-122,-4704615
1610726179.60,37,5671574,-122,-4704672
1610726240.00,37,5671608,-122,-4704733
1610726300.40,37,5671645,-122,-4704634
1610726360.80,37,5671600,-122,-4704688
1610726421.20,37,5671600,-122,-4704603
1610726481.60,37,5671610,-122,-4704532
1610726542.00,37,5671696,-122,-4704635
1610726602.40,37,5671686,-122,-4704692
1610726662.80,37,5671729,-122,-4704622
1610726723.20,37,5671732,-122,-4704622
1610726783.60,37,5671734,-122,-4704625
1610726844.00,37,5671728,-122,-4704592
1610726904.40,37,5671706,-122,-4704675
1610726964.80,37,5671681,-122,-4704703
1610727025.20,37,5671706,-122,-4704850
1610727085.60,37,5671648,-122,-4704882
1610727146.00,37,5671604,-122,-4704859
1610727206.40,37,5671643,-122,-4704848
1610727266.80,37,5671623,-122,-4704753
1610727327.20,37,5671646,-122,-4704797
1610727387.60,37,5671621,-122,-4704853
1610727448.00,37,5671644,-122,-4704782
1610727508.40,37,5671643,-122,-4704826
1610727568.80,37,5671676,-122,-4704959
1610727629.20,37,5671651,-122,-4704953
1610727689.60,37,5671645,-122,-4705001
1610727750.00,37,5671672,-122,-4705085
1610727810.40,37,5671610,-122,-4704989
1610727870.80,37,5671675,-122,-4704902
1610727931.20,37,5671670,-122,-4704937
1610727991.60,37,5671677,-122,-4704843
1610728052.00,37,5671686,-122,-4704649
1610728112.40,37,5671712,-122,-4704571
1610728172.80,37,5671673,-122,-4704604
1610728233.20,37,5671742,-122,-4704522
1610728293.60,37,5671665,-122,-4704554
1610728354.00,37,5671632,-122,-4704666
1610728414.40,37,5671645,-122,-4704594
1610728474.80,37,5671629,-122,-4704525
1610728534.80,37,5671619,-122,-4704539
1610728595.20,37,5671598,-122,-4704588
1610728655.60,37,5671544,-122,-4704581
1610728716.00,37,5671584,-122,-4704546
1610728776.40,37,5671558,-122,-4704567
1610728836.80,37,5671545,-122,-4704614
1610728897.20,37,5671609,-122,-4704599
1610728957.60,37,5671565,-122,-4704698
1610729018.00,37,5671650,-122,-4704562
1610729078.40,37,5671664,-122,-4704514
1610729138.80,37,5671691,-122,-4704542
1610729199.20,37,5671680,-122,-4704516
1610729259.60,37,5671642,-122,-4704477
1610729320.00,37,5671608,-122,-4704527
1610729380.40,37,5671621,-122,-4704558
1610729440.80,37,5671688,-122,-4704576
1610729501.20,37,5671636,-122,-4704532
1610729561.60,37,5671660,-122,-4704550
1610729622.00,37,5671651,-122,-4704634
1610729682.40,37,5671610,-122,-4704660
1610729742.80,37,5671564,-122,-4704643
1610729803.20,37,5671683,-122,-4704671
1610729863.60,37,5671701,-122,-4704658
1610729924.00,37,5671694,-122,-4704752
1610729984.40,37,5671639,-122,-4704734
1610730044.80,37,5671702,-122,-4704659
1610730105.20,37,5671753,-122,-4704702
1610730165.60,37,5671740,-122,-4704724
1610730226.00,37,5671739,-122,-4704812
1610730286.40,37,5671783,-122,-4704826
1610730346.80,37,5671725,-122,-4704945
1610730407.20,37,5671757,-122,-4704795
1610730467.60,37,5671740,-122,-4704773
1610730528.00,37,5671694,-122,-4704720
1610730588.40,37,5671710,-122,-4704798
1610730648.80,37,5671673,-122,-4704777
1610730709.20,37,5671664,-122,-4704775
1610730769.60,37,5671678,-122,-4704757
1610730830.00,37,5671670,-122,-4704810
1610730890.40,37,5671664,-122,-4704891
1610730950.80,37,5671703,-122,-4704854
1610731011.20,37,5671704,-122,-4704963
1610731071.60,37,5671667,-122,-4705073
1610731132.00,37,5671738,-122,-4705111
1610731192.40,37,5671732,-122,-4705050
1610731252.80,37,5671811,-122,-4705044
1610731313.20,37,5671855,-122,-4705114
1610731373.60,37,5671851,-122,-4705013
1610731434.00,37,5671852,-122,-4705027
1610731494.40,37,5671844,-122,-4705050
1610731554.80,37,5671843,-122,-4705043
1610731615.20,37,5671889,-122,-4704988
1610731675.60,37,5671856,-122,-4704948
1610731736.00,37,5671818,-122,-4704932
1610731796.40,37,5671837,-122,-4704803
1610731856.80,37,5671785,-122,-4704723
1610731917.20,37,5671745,-122,-4704790
1610731977.60,37,5671781,-122,-4704743
1610732038.00,37,5671742,-122,-4704780
1610732098.40,37,5671726,-122,-4704607
1610732158.80,37,5671717,-122,-4704760
1610732219.20,37,5671734,-122,-4704697
1610732279.60,37,5671708,-122,-4704686
1610732339.60,37,5671736,-122,-4704789
1610732400.00,37,5671736,-122,-4704709
1610732460.40,37,5671745,-122,-4704782
1610732520.80,37,5671751,-122,-4704753
1610732581.20,37,5671727,-122,-4704762
1610732641.60,37,5671750,-122,-4704739
1610732702.00,37,5671751,-122,-4704796
1610732762.40,37,5671727,-122,-4704776
1610732822.80,37,5671763,-122,-4704717
1610732883.20,37,5671799,-122,-4704798
1610732943.60,37,5671811,-122,-4704812
1610733004.00,37,5671754,-122,-4704730
1610733064.40,37,5671766,-122,-4704832
1610733124.80,37,5671700,-122,-4704695
1610733185.20,37,5671710,-122,-4704688
1610733245.60,37,5671691,-122,-4704586
1610733306.00,37,5671634,-122,-4704627
1610733366.40,37,5671601,-122,-4704577
1610733426.80,37,5671615,-122,-4704599
1610733487.20,37,5671541,-122,-4704391
1610733547.60,37,5671540,-122,-4704447
1610733608.00,37,5671484,-122,-4704347
1610733668.40,37,5671436,-122,-4704361
1610733728.80,37,5671388,-122,-4704212
1610733789.20,37,5671384,-122,-4704168
1610733849.60,37,5671411,-122,-4704325
1610733910.00,37,5671441,-122,-4704274
1610733970.40,37,5671386,-122,-4704352
1610734030.80,37,5671371,-122,-4704380
1610734091.20,37,5671370,-122,-4704369
1610734151.60,37,5671376,-122,-4704411
1610734212.00,37,5671330,-122,-4704446
1610734272.40,37,5671326,-122,-4704315
1610734332.80,37,5671327,-122,-4704344
1610734393.20,37,5671366,-122,-4704285
1610734453.60,37,5671372,-122,-4704368
1610734514.00,37,5671369,-122,-4704246
1610734574.40,37,5671290,-122,-4704283
1610734634.80,37,5671337,-122,-4704300
1610734695.20,37,5671354,-122,-4704266
1610734755.60,37,5671343,-122,-4704289
1610734816.00,37,5671337,-122,-4704305
1610734876.40,37,5671372,-122,-4704325
1610734936.80,37,5671374,-122,-4704250
1610734997.20,37,5671400,-122,-4704289
1610735057.60,37,5671354,-122,-4704273
1610735118.00,37,5671410,-122,-4704275
1610735178.40,37,5671445,-122,-4704313
1610735238.80,37,5671376,-122,-4704332
1610735299.20,37,5671371,-122,-4704307
1610735359.60,37,5671267,-122,-4704351
1610735420.00,37,5671403,-122,-4704340
1610735480.40,37,5671360,-122,-4704340
1610735540.80,37,5671382,-122,-4704331
1610735601.20,37,5671368,-122,-4704235
1610735661.60,37,5671326,-122,-4704319
1610735722.00,37,5671295,-122,-4704322
1610735782.40,37,5671297,-122,-4704278
1610735842.80,37,5671309,-122,-4704304
1610735903.20,37,5671269,-122,-4704302
1610735963.60,37,5671340,-122,-4704288
1610736024.00,37,5671276,-122,-4704365
1610736084.40,37,5671218,-122,-4704299
1610736144.40,37,5671092,-122,-4704276
1610736204.80,37,5671066,-122,-4704245
1610736265.20,37,5671055,-122,-4704324
1610736325.60,37,5671009,-122,-4704287
1610736386.00,37,5670937,-122,-4704210
1610736446.40,37,5670891,-122,-4704311
1610736506.80,37,5670857,-122,-4704343
1610736567.20,37,5670860,-122,-4704316
1610736627.60,37,5670751,-122,-4704265
1610736688.00,37,5670702,-122,-4704268
1610736748.40,37,5670669,-122,-4704254
1610736808.80,37,5670640,-122,-4704302
1610736868.80,37,5670573,-122,-4704236
1610736929.60,37,5670580,-122,-4704298
1610736990.00,37,5670514,-122,-4704202
1610737050.40,37,5670496,-122,-4704288
1610737110.80,37,5670497,-122,-4704242
1610737171.20,37,5670509,-122,-4704219
1610737231.60,37,5670484,-122,-4704244
1610737292.00,37,5670521,-122,-4704250
1610737352.40,37,5670519,-122,-4704271
1610737412.80,37,5670535,-122,-4704320
1610737473.20,37,5670529,-122,-4704244
1610737533.60,37,5670584,-122,-4704266
1610737594.00,37,5670559,-122,-4704271
1610737654.40,37,5670578,-122,-4704304
1610737714.80,37,5670601,-122,-4704295
1610737775.20,37,5670590,-122,-4704224
1610737835.60,37,5670571,-122,-4704240
1610737896.00,37,5670583,-122,-4704211
1610737956.40,37,5670625,-122,-4704256
1610738016.80,37,5670632,-122,-4704162
1610738077.20,37,5670599,-122,-4704267
1610738137.60,37,5670620,-122,-4704262
1610738198.00,37,5670522,-122,-4704417
1610738258.40,37,5670466,-122,-4704683
1610738318.80,37,5670379,-122,-4704696
1610738379.20,37,5670403,-122,-4704742
1610738439.60,37,5670423,-122,-4704711
1610738500.00,37,5670387,-122,-4704602
1610738560.40,37,5670373,-122,-4704455
1610738620.80,37,5670515,-122,-4704349
1610738681.20,37,5670411,-122,-4704346
1610738741.60,37,5670554,-122,-4704224
1610738802.00,37,5670566,-122,-4704286
1610738862.40,37,5670552,-122,-4704350
1610738922.80,37,5670484,-122,-4704475
1610738983.20,37,5670454,-122,-4704614
1610739043.60,37,5670494,-122,-4704701
1610739104.00,37,5670498,-122,-4704586
1610739164.40,37,5670523,-122,-4704620
1610739224.80,37,5670613,-122,-4704490
1610739285.20,37,5670679,-122,-4704254
1610739345.60,37,5670762,-122,-4704264
1610739406.00,37,5670749,-122,-4704147
1610739466.40,37,5670758,-122,-4704135
1610739526.80,37,5670882,-122,-4704175
1610739587.20,37,5670868,-122,-4704139
1610739647.60,37,5670797,-122,-4704163
1610739708.00,37,5670851,-122,-4704148
1610739768.40,37,5670944,-122,-4704095
1610739828.80,37,5670934,-122,-4704048
1610739889.20,37,5670941,-122,-4704164
1610739949.20,37,5670947,-122,-4704168
1610740010.00,37,5671029,-122,-4704208
1610740070.40,37,5671052,-122,-4704098
1610740130.80,37,5671169,-122,-4704140
1610740191.20,37,5671142,-122,-4704195
1610740251.60,37,5671091,-122,-4704047
1610740312.00,37,5671180,-122,-4704148
1610740372.40,37,5671177,-122,-4704089
1610740432.80,37,5671199,-122,-4704116
1610740493.20,37,5671161,-122,-4704085
1610740553.60,37,5671100,-122,-4704136
1610740614.00,37,5671113,-122,-4704064
1610740673.60,37,5671027,-122,-4704011
1610740734.40,37,5670937,-122,-4704058
1610740794.80,37,5670872,-122,-4704055
1610740855.20,37,5670827,-122,-4704086
1610740915.60,37,5670831,-122,-4704213
1610740976.00,37,5670814,-122,-4704066
1610741036.40,37,5670806,-122,-4704225
1610741096.80,37,5670735,-122,-4704307
1610741157.20,37,5670707,-122,-4704417
1610741217.60,37,5670638,-122,-4704536
1610741278.00,37,5670505,-122,-4704682
1610741338.40,37,5670475,-122,-4704703
1610741398.80,37,5670413,-122,-4704666
1610741459.20,37,5670446,-122,-4704676
1610741519.60,37,5670349,-122,-4704602
1610741580.00,37,5670348,-122,-4704698
1610741640.40,37,5670342,-122,-4704677
1610741700.80,37,5670360,-122,-4704769
1610741761.20,37,5670375,-122,-4704646
1610741821.60,37,5670355,-122,-4704625
1610741882.00,37,5670354,-122,-4704639
1610741942.40,37,5670370,-122,-4704601
1610742002.80,37,5670412,-122,-4704771
1610742063.20,37,5670444,-122,-4704725
1610742123.60,37,5670450,-122,-4704821
1610742184.00,37,5670396,-122,-4704966
1610742244.40,37,5670425,-122,-4704951
1610742304.80,37,5670465,-122,-4704943
1610742365.20,37,5670412,-122,-4704824
1610742425.60,37,5670425,-122,-4704693
1610742486.00,37,5670463,-122,-4704711
1610742546.40,37,5670437,-122,-4704695
1610742606.80,37,5670509,-122,-4704597
1610742667.20,37,5670513,-122,-4704728
1610742727.60,37,5670514,-122,-4704889
1610742788.00,37,5670439,-122,-4705132
1610742848.40,37,5670342,-122,-4705218
1610742908.80,37,5670313,-122,-4705309
1610742969.20,37,5670300,-122,-4705222
1610743029.60,37,5670294,-122,-4705137
1610743090.00,37,5670259,-122,-4705085
1610743150.40,37,5670315,-122,-4705065
1610743210.80,37,5670339,-122,-4705038
1610743271.20,37,5670329,-122,-4705149
1610743331.60,37,5670288,-122,-4705241
1610743392.00,37,5670321,-122,-4705217
1610743452.40,37,5670258,-122,-4705202
1610743512.80,37,5670310,-122,-4705289
1610743573.20,37,5670286,-122,-4705327
1610743633.60,37,5670292,-122,-4705444
1610743694.00,37,5670296,-122,-4705380
1610743753.60,37,5670213,-122,-4705259
1610743814.40,37,5670257,-122,-4705067
1610743874.80,37,5670220,-122,-4705069
1610743935.20,37,5670307,-122,-4704909
1610743995.60,37,5670251,-122,-4704851
1610744056.00,37,5670336,-122,-4704773
1610744116.40,37,5670374,-122,-4704656
1610744176.80,37,5670453,-122,-4704572
1610744237.20,37,5670485,-122,-4704625
1610744297.60,37,5670510,-122,-4704718
1610744358.00,37,5670465,-122,-4704728
1610744418.40,37,5670406,-122,-4704819
1610744478.40,37,5670368,-122,-4704813
1610744539.20,37,5670320,-122,-4704788
1610744599.60,37,5670370,-122,-4704777
1610744660.00,37,5670343,-122,-4704767
1610744720.40,37,5670347,-122,-4704677
1610744780.80,37,5670329,-122,-4704550
1610744841.20,37,5670404,-122,-4704372
1610744901.60,37,5670475,-122,-4704264
1610744962.00,37,5670516,-122,-4704321
1610745022.40,37,5670556,-122,-4704231
1610745082.80,37,5670622,-122,-4704268
1610745143.20,37,5670635,-122,-4704286
1610745203.60,37,5670678,-122,-4704311
1610745264.00,37,5670696,-122,-4704276
1610745324.40,37,5670699,-122,-4704287
1610745384.80,37,5670674,-122,-4704329
1610745445.20,37,5670602,-122,-4704355
1610745505.60,37,5670597,-122,-4704391
1610745566.00,37,5670506,-122,-4704432
1610745626.40,37,5670507,-122,-4704418
1610745686.80,37,5670462,-122,-4704444
1610745747.20,37,5670443,-122,-4704376
1610745807.60,37,5670462,-122,-4704409
1610745868.00,37,5670503,-122,-4704470
1610745928.40,37,5670490,-122,-4704498
1610745988.80,37,5670507,-122,-4704505
1610746049.20,37,5670542,-122,-4704454
1610746109.60,37,5670514,-122,-4704393
1610746170.00,37,5670516,-122,-4704483
1610746230.40,37,5670421,-122,-4704440
1610746290.80,37,5670451,-122,-4704505
1610746351.20,37,5670452,-122,-4704452
1610746411.60,37,5670445,-122,-4704397
1610746472.00,37,5670439,-122,-4704342
1610746532.40,37,5670459,-122,-4704480
1610746592.80,37,5670434,-122,-4704554
1610746653.20,37,5670400,-122,-4704552
1610746713.60,37,5670390,-122,-4704591
1610746774.00,37,5670390,-122,-4704675
1610746834.40,37,5670403,-122,-4704622
1610746894.80,37,5670366,-122,-4704754
1610746955.20,37,5670363,-122,-4704712
1610747015.60,37,5670368,-122,-4704839
1610747076.00,37,5670292,-122,-4704874
1610747136.40,37,5670357,-122,-4704952
1610747196.80,37,5670357,-122,-4704927
1610747257.20,37,5670360,-122,-4705075
1610747317.60,37,5670314,-122,-4705126
1610747378.00,37,5670318,-122,-4705083
1610747438.40,37,5670277,-122,-4705368
1610747498.80,37,5670275,-122,-4705310
1610747559.20,37,5670189,-122,-4705412
1610747619.60,37,5670211,-122,-4705520
1610747680.00,37,5670193,-122,-4705546
1610747740.40,37,5670223,-122,-4705578
1610747800.80,37,5670246,-122,-4705557
1610747861.20,37,5670248,-122,-4705648
1610747921.60,37,5670383,-122,-4705774
1610747982.00,37,5670341,-122,-4705898
1610748042.40,37,5670396,-122,-4705981
1610748102.80,37,5670437,-122,-4706012
1610748163.20,37,5670445,-122,-4706016
1610748223.60,37,5670486,-122,-4705894
1610748283.60,37,5670472,-122,-4705895
1610748344.00,37,5670526,-122,-4705915
1610748404.40,37,5670511,-122,-4706104
1610748464.80,37,5670421,-122,-4706014
1610748525.20,37,5670520,-122,-4705943
1610748585.60,37,5670509,-122,-4705932
1610748646.00,37,5670432,-122,-4706024
1610748706.40,37,5670508,-122,-4706139
1610748766.80,37,5670499,-122,-4706172
1610748827.20,37,5670523,-122,-4706115
1610748887.60,37,5670549,-122,-4706208
1610748948.00,37,5670532,-122,-4706215
1610749008.40,37,5670572,-122,-4706282
1610749068.80,37,5670683,-122,-4706229
1610749129.20,37,5670791,-122,-4706286
1610749189.60,37,5670774,-122,-4706258
1610749250.00,37,5670837,-122,-4706406
1610749310.40,37,5670801,-122,-4706388
1610749370.80,37,5670814,-122,-4706471
1610749431.20,37,5670745,-122,-4706538
1610749491.60,37,5670703,-122,-4706538
1610749552.00,37,5670646,-122,-4706487
1610749612.40,37,5670578,-122,-4706470
1610749672.80,37,5670525,-122,-4706441
1610749733.20,37,5670425,-122,-4706379
1610749793.60,37,5670348,-122,-4706476
1610749854.00,37,5670356,-122,-4706352
1610749914.40,37,5670350,-122,-4706265
1610749974.80,37,5670332,-122,-4706261
1610750035.20,37,5670327,-122,-4706281
1610750095.60,37,5670366,-122,-4706216
1610750156.00,37,5670350,-122,-4706098
1610750216.40,37,5670323,-122,-4706074
1610750276.80,37,5670355,-122,-4706168
1610750337.20,37,5670304,-122,-4706170
1610750397.60,37,5670255,-122,-4706102
1610750458.00,37,5670310,-122,-4706038
1610750518.40,37,5670283,-122,-4706013
1610750578.80,37,5670294,-122,-4705914
1610750639.20,37,5670229,-122,-4706032
1610750699.60,37,5670276,-122,-4705840
1610750760.00,37,5670290,-122,-4705970
1610750820.40,37,5670296,-122,-4705991
1610750880.80,37,5670336,-122,-4705963
1610750941.20,37,5670375,-122,-4705935
1610751001.60,37,5670365,-122,-4706163
1610751062.00,37,5670427,-122,-4706203
1610751122.40,37,5670486,-122,-4706300
1610751182.80,37,5670510,-122,-4706215
1610751243.20,37,5670575,-122,-4706276
1610751303.60,37,5670591,-122,-4706227
1610751364.00,37,5670548,-122,-4706220
1610751424.40,37,5670560,-122,-4706208
1610751484.80,37,5670562,-122,-4706147
1610751545.20,37,5670505,-122,-4706182
1610751605.60,37,5670485,-122,-4706295
1610751666.00,37,5670485,-122,-4706179
1610751726.40,37,5670443,-122,-4706164
1610751786.80,37,5670469,-122,-4706145
1610751847.20,37,5670421,-122,-4706161
1610751907.60,37,5670454,-122,-4706162
1610751968.00,37,5670471,-122,-4706187
1610752028.40,37,5670535,-122,-4706226
1610752088.40,37,5670569,-122,-4706255
1610752148.80,37,5670651,-122,-4706265
1610752209.20,37,5670717,-122,-4706263
1610752269.60,37,5670783,-122,-4706312
1610752330.00,37,5670815,-122,-4706203
1610752390.40,37,5670782,-122,-4706173
1610752450.80,37,5670713,-122,-4706167
1610752511.20,37,5670657,-122,-4706137
1610752571.60,37,5670631,-122,-4706129
1610752632.00,37,5670612,-122,-4706183
1610752692.40,37,5670532,-122,-4706166
1610752752.80,37,5670486,-122,-4706237
1610752813.20,37,5670504,-122,-4706112
1610752873.60,37,5670415,-122,-4706118
1610752934.00,37,5670420,-122,-4706050
1610752994.40,37,5670402,-122,-4706002
1610753054.80,37,5670435,-122,-4705985
1610753115.20,37,5670417,-122,-4705914
1610753175.60,37,5670419,-122,-4705888
1610753236.00,37,5670426,-122,-4705927
1610753296.40,37,5670434,-122,-4705973
1610753356.80,37,5670463,-122,-4706004
1610753417.20,37,5670424,-122,-4705875
1610753477.60,37,5670424,-122,-4705851
1610753538.00,37,5670410,-122,-4705881
1610753598.40,37,5670364,-122,-4705985
1610753658.80,37,5670400,-122,-4706174
1610753719.20,37,5670425,-122,-4706125
1610753779.60,37,5670382,-122,-4706048
1610753840.00,37,5670437,-122,-4706100
1610753900.40,37,5670438,-122,-4706095
1610753960.80,37,5670440,-122,-4706052
1610754021.20,37,5670461,-122,-4706116
1610754081.60,37,5670507,-122,-4706158
1610754142.00,37,5670483,-122,-4706246
1610754202.40,37,5670482,-122,-4706185
1610754262.80,37,5670470,-122,-4706167
1610754323.20,37,5670464,-122,-4706129
1610754383.60,37,5670433,-122,-4706154
1610754444.00,37,5670423,-122,-4706077
1610754504.40,37,5670402,-122,-4706129
1610754564.80,37,5670450,-122,-4706165
1610754625.20,37,5670485,-122,-4706260
1610754685.60,37,5670479,-122,-4706234
1610754746.00,37,5670518,-122,-4706259
1610754806.40,37,5670567,-122,-4706250
1610754866.80,37,5670649,-122,-4706229
1610754927.20,37,5670673,-122,-4706268
1610754987.60,37,5670604,-122,-4706359
1610755048.00,37,5670622,-122,-4706355
1610755108.40,37,5670556,-122,-4706392
1610755168.80,37,5670577,-122,-4706489
1610755229.20,37,5670566,-122,-4706496
1610755289.60,37,5670546,-122,-4706405
1610755350.00,37,5670478,-122,-4706416
1610755410.40,37,5670486,-122,-4706419
1610755470.80,37,5670431,-122,-4706298
1610755531.20,37,5670400,-122,-4706229
1610755591.60,37,5670440,-122,-4706278
1610755652.00,37,5670419,-122,-4706317
1610755712.40,37,5670405,-122,-4706202
1610755772.80,37,5670410,-122,-4706291
1610755833.20,37,5670365,-122,-4706272
1610755893.20,37,5670333,-122,-4706225
1610755953.60,37,5670359,-122,-4706312
1610756014.00,37,5670445,-122,-4706332
1610756074.40,37,5670436,-122,-4706399
1610756134.80,37,5670399,-122,-4706385
1610756195.20,37,5670434,-122,-4706389
1610756255.60,37,5670406,-122,-4706224
1610756316.00,37,5670370,-122,-4706325
1610756376.40,37,5670444,-122,-4706212
1610756436.80,37,5670384,-122,-4706152
1610756497.20,37,5670379,-122,-4706165
1610756557.60,37,5670342,-122,-4706107
1610756617.60,37,5670455,-122,-4706039
1610756678.40,37,5670335,-122,-4706085
1610756738.80,37,5670405,-122,-4706096
1610756799.20,37,5670372,-122,-4705972
1610756859.60,37,5670381,-122,-4706078
1610756920.00,37,5670412,-122,-4706131
1610756980.40,37,5670337,-122,-4706228
1610757040.80,37,5670404,-122,-4706178
1610757101.20,37,5670379,-122,-4706067
1610757161.60,37,5670366,-122,-4706000
1610757222.00,37,5670354,-122,-4706081
1610757282.40,37,5670297,-122,-4706216
1610757342.80,37,5670315,-122,-4706198
1610757403.20,37,5670301,-122,-4706145
1610757463.60,37,5670307,-122,-4706117
1610757524.00,37,5670262,-122,-4706137
1610757584.40,37,5670249,-122,-4706167
1610757644.80,37,5670308,-122,-4706207
1610757705.20,37,5670277,-122,-4706157
1610757765.60,37,5670234,-122,-4706005
1610757826.00,37,5670224,-122,-4706089
1610757886.40,37,5670206,-122,-4706016
1610757946.80,37,5670242,-122,-4705935
1610758007.20,37,5670219,-122,-4706015
1610758067.60,37,5670220,-122,-4706042
1610758128.00,37,5670231,-122,-4706062
1610758188.40,37,5670199,-122,-4705959
1610758248.80,37,5670156,-122,-4705991
1610758309.20,37,5670176,-122,-4705752
1610758369.60,37,5670095,-122,-4705766
1610758430.00,37,5670057,-122,-4705750
1610758490.40,37,5670040,-122,-4705636
1610758550.80,37,5670012,-122,-4705756
1610758611.20,37,5669998,-122,-4705792
1610758671.60,37,5669997,-122,-4705771
1610758732.00,37,5670047,-122,-4705662
1610758792.40,37,5670046,-122,-4705622
1610758852.80,37,5670046,-122,-4705691
1610758913.20,37,5670030,-122,-4705732
1610758973.60,37,5670063,-122,-4705683
1610759034.00,37,5670069,-122,-4705739
1610759094.40,37,5670065,-122,-4705558
1610759154.80,37,5670003,-122,-4705496
1610759215.20,37,5670023,-122,-4705467
1610759275.60,37,5670024,-122,-4705399
1610759336.00,37,5670028,-122,-4705364
1610759396.40,37,5669983,-122,-4705327
1610759456.80,37,5670088,-122,-4705249
1610759517.20,37,5670070,-122,-4705039
1610759577.60,37,5670023,-122,-4705085
1610759638.00,37,5670066,-122,-4705274
1610759698.00,37,5670099,-122,-4705210
1610759758.40,37,5670142,-122,-4705383
1610759818.80,37,5670081,-122,-4705371
1610759879.20,37,5670113,-122,-4705306
1610759939.60,37,5670064,-122,-4705272
1610760000.00,37,5670129,-122,-4705210
1610760060.40,37,5670048,-122,-4705179
1610760120.80,37,5670027,-122,-4704903
1610760181.20,37,5670018,-122,-4705093
1610760241.60,37,5670089,-122,-4704819
1610760302.00,37,5670076,-122,-4704791
1610760362.40,37,5670088,-122,-4704577
1610760422.40,37,5670053,-122,-4704707
1610760483.20,37,5670149,-122,-4704447
1610760543.60,37,5670243,-122,-4704436
1610760604.00,37,5670254,-122,-4704490
1610760664.40,37,5670236,-122,-4704527
1610760724.80,37,5670190,-122,-4704529
1610760785.20,37,5670246,-122,-4704418
1610760845.60,37,5670262,-122,-4704330
1610760906.00,37,5670311,-122,-4704389
1610760966.40,37,5670397,-122,-4704200
1610761026.80,37,5670457,-122,-4704281
1610761087.20,37,5670505,-122,-4704298
1610761147.60,37,5670564,-122,-4704078
1610761208.00,37,5670566,-122,-4704206
1610761268.40,37,5670655,-122,-4704220
1610761328.80,37,5670728,-122,-4704106
1610761389.20,37,5670648,-122,-4704287
1610761449.60,37,5670676,-122,-4704236
1610761510.00,37,5670769,-122,-4704016
1610761570.40,37,5670719,-122,-4704179
1610761630.80,37,5670774,-122,-4704001
1610761691.20,37,5670724,-122,-4704026
1610761751.60,37,5670785,-122,-4704170
1610761812.00,37,5670857,-122,-4704060
1610761872.40,37,5670856,-122,-4704241
1610761932.80,37,5670890,-122,-4704068
1610761993.20,37,5670857,-122,-4704068
1610762053.60,37,5670863,-122,-4704092
1610762114.00,37,5670851,-122,-4704145
1610762174.40,37,5670878,-122,-4704097
1610762234.80,37,5671025,-122,-4703960
1610762295.20,37,5671052,-122,-4704047
1610762355.60,37,5671076,-122,-4703992
1610762416.00,37,5671037,-122,-4703958
1610762476.40,37,5670972,-122,-4703986
1610762536.80,37,5671055,-122,-4704066
1610762597.20,37,5671092,-122,-4704162
1610762657.60,37,5671079,-122,-4704043
1610762718.00,37,5671181,-122,-4704047
1610762778.40,37,5671200,-122,-4704146
1610762838.80,37,5671194,-122,-4704003
1610762899.20,37,5671291,-122,-4703997
1610762959.60,37,5671312,-122,-4704082
1610763020.00,37,5671319,-122,-4703963
1610763080.40,37,5671397,-122,-4704081
1610763140.80,37,5671414,-122,-4704015
1610763201.20,37,5671363,-122,-4704194
1610763261.60,37,5671389,-122,-4704150
1610763322.00,37,5671424,-122,-4704170
1610763382.40,37,5671410,-122,-4704267
1610763442.80,37,5671410,-122,-4704202
1610763502.80,37,5671480,-122,-4704282
1610763563.20,37,5671527,-122,-4703928
1610763623.60,37,5671467,-122,-4704201
1610763684.00,37,5671458,-122,-4704081
1610763744.40,37,5671355,-122,-4704170
1610763804.80,37,5671430,-122,-4704258
1610763865.20,37,5671395,-122,-4704190
1610763925.60,37,5671416,-122,-4704249
1610763986.00,37,5671484,-122,-4704079
1610764046.40,37,5671447,-122,-4704145
1610764106.80,37,5671492,-122,-4704114
1610764167.20,37,5671468,-122,-4704055
1610764227.20,37,5671521,-122,-4704197
1610764288.00,37,5671590,-122,-4704037
1610764348.40,37,5671610,-122,-4704070
1610764408.80,37,5671557,-122,-4703920
1610764469.20,37,5671605,-122,-4703783
1610764529.60,37,5671590,-122,-4703995
1610764590.00,37,5671566,-122,-4703956
1610764650.40,37,5671561,-122,-4703748
1610764710.80,37,5671634,-122,-4703883
1610764771.20,37,5671647,-122,-4704020
1610764831.60,37,5671615,-122,-4704100
1610764892.00,37,5671730,-122,-4704053
1610764952.40,37,5671576,-122,-4704030
1610765012.80,37,5671717,-122,-4703851
1610765073.20,37,5671678,-122,-4703935
1610765133.60,37,5671688,-122,-4703889
1610765194.00,37,5671590,-122,-4703932
1610765254.40,37,5671669,-122,-4703999
1610765314.80,37,5671726,-122,-4704043
1610765375.20,37,5671756,-122,-4704022
1610765435.60,37,5671690,-122,-4704131
1610765496.00,37,5671668,-122,-4703978
1610765556.40,37,5671769,-122,-4703987
1610765616.80,37,5671707,-122,-4703916
1610765677.20,37,5671750,-122,-4703926
1610765737.60,37,5671793,-122,-4704025
1610765798.00,37,5671906,-122,-4704057
1610765858.40,37,5671875,-122,-4704125
1610765918.80,37,5671902,-122,-4704252
1610765979.20,37,5671898,-122,-4704110
1610766039.60,37,5671928,-122,-4704266
1610766100.00,37,5671909,-122,-4704264
1610766160.40,37,5671953,-122,-4704347
1610766220.80,37,5671924,-122,-4704405
1610766281.20,37,5671993,-122,-4704296
1610766341.60,37,5671969,-122,-4704411
1610766402.00,37,5672011,-122,-4704410
1610766462.40,37,5671972,-122,-4704417
1610766522.80,37,5672011,-122,-4704371
1610766583.20,37,5671997,-122,-4704404
1610766643.60,37,5671924,-122,-4704397
1610766704.00,37,5671998,-122,-4704482
1610766764.40,37,5671976,-122,-4704266
1610766824.80,37,5671965,-122,-4704358
1610766885.20,37,5672041,-122,-4704319
1610766945.60,37,5672139,-122,-4704534
1610767006.00,37,5672079,-122,-4704557
1610767066.40,37,5672132,-122,-4704621
1610767126.80,37,5672181,-122,-4704655
1610767187.20,37,5672258,-122,-4704777
1610767247.60,37,5672230,-122,-4704694
1610767308.00,37,5672152,-122,-4704800
1610767368.40,37,5672220,-122,-4704638
1610767428.80,37,5672279,-122,-4704724
1610767489.20,37,5672274,-122,-4705073
1610767549.60,37,5672256,-122,-4704916
1610767610.00,37,5672301,-122,-4704929
1610767670.40,37,5672269,-122,-4704945
1610767730.80,37,5672303,-122,-4705127
1610767791.20,37,5672302,-122,-4705189
1610767851.60,37,5672354,-122,-4705263
1610767912.00,37,5672334,-122,-4705106
1610767972.40,37,5672375,-122,-4705287
1610768032.40,37,5672334,-122,-4705413
1610768092.80,37,5672341,-122,-4705471
1610768153.20,37,5672352,-122,-4705424
1610768213.60,37,5672404,-122,-4705443
1610768274.00,37,5672396,-122,-4705556
1610768334.40,37,5672412,-122,-4705616
1610768394.80,37,5672346,-122,-4705430
1610768455.20,37,5672360,-122,-4705499
1610768515.60,37,5672397,-122,-4705566
1610768576.00,37,5672439,-122,-4705529
1610768636.40,37,5672435,-122,-4705435
1610768696.80,37,5672437,-122,-4705475
1610768757.20,37,5672429,-122,-4705558
1610768817.60,37,5672459,-122,-4705657
1610768878.00,37,5672418,-122,-4705777
1610768938.40,37,5672416,-122,-4705722
1610768998.80,37,5672468,-122,-4705556
1610769059.20,37,5672398,-122,-4705483
1610769119.60,37,5672366,-122,-4705491
1610769180.00,37,5672376,-122,-4705480
1610769240.40,37,5672455,-122,-4705621
1610769300.80,37,5672439,-122,-4705760
1610769361.20,37,5672493,-122,-4705629
1610769421.60,37,5672493,-122,-4705598
1610769482.00,37,5672483,-122,-4705576
1610769542.40,37,5672425,-122,-4705731
1610769602.80,37,5672451,-122,-4705558
1610769663.20,37,5672466,-122,-4705671
1610769723.60,37,5672399,-122,-4705732
1610769784.00,37,5672511,-122,-4705676
1610769844.40,37,5672495,-122,-4705336
1610769904.80,37,5672444,-122,-4705487
1610769965.20,37,5672423,-122,-4705530
1610770025.60,37,5672407,-122,-4705395
1610770086.00,37,5672425,-122,-4705387
1610770146.40,37,5672482,-122,-4705313
1610770206.80,37,5672563,-122,-4705323
1610770267.20,37,5672552,-122,-4705458
1610770327.60,37,5672517,-122,-4705384
1610770388.00,37,5672494,-122,-4705286
1610770448.40,37,5672513,-122,-4705141
1610770508.80,37,5672506,-122,-4705264
1610770569.20,37,5672568,-122,-4705200
1610770629.60,37,5672456,-122,-4705360
1610770690.00,37,5672536,-122,-4705298
1610770750.40,37,5672461,-122,-4705377
1610770810.80,37,5672502,-122,-4705540
1610770871.20,37,5672548,-122,-4705464
1610770931.60,37,5672514,-122,-4705506
1610770992.00,37,5672550,-122,-4705398
1610771052.40,37,5672504,-122,-4705329
1610771112.80,37,5672502,-122,-4705518
1610771173.20,37,5672462,-122,-4705595
1610771233.60,37,5672483,-122,-4705470
1610771294.00,37,5672513,-122,-4705463
1610771354.40,37,5672481,-122,-4705474
1610771414.80,37,5672460,-122,-4705410
1610771475.20,37,5672383,-122,-4705186
1610771535.60,37,5672452,-122,-4705386
1610771596.00,37,5672423,-122,-4705428
1610771656.40,37,5672437,-122,-4705378
1610771716.80,37,5672439,-122,-4705406
1610771777.20,37,5672459,-122,-4705224
1610771837.20,37,5672412,-122,-4705229
1610771897.60,37,5672383,-122,-4705232
1610771958.00,37,5672449,-122,-4705381
1610772018.40,37,5672361,-122,-4705585
1610772078.80,37,5672384,-122,-4705662
1610772139.20,37,5672416,-122,-4705389
1610772199.60,37,5672395,-122,-4705597
1610772260.00,37,5672331,-122,-4705529
1610772320.40,37,5672421,-122,-4705295
1610772380.80,37,5672327,-122,-4705146
1610772441.20,37,5672379,-122,-4705100
1610772501.60,37,5672337,-122,-4705096
1610772562.00,37,5672296,-122,-4704990
1610772622.40,37,5672339,-122,-4704745
1610772682.80,37,5672282,-122,-4704641
1610772743.20,37,5672261,-122,-4704818
1610772803.60,37,5672336,-122,-4704882
1610772864.00,37,5672326,-122,-4704915
1610772924.40,37,5672401,-122,-4704850
1610772984.80,37,5672403,-122,-4704979
1610773045.20,37,5672464,-122,-4705018
1610773105.60,37,5672429,-122,-4705029
1610773166.00,37,5672375,-122,-4705174
1610773226.40,37,5672392,-122,-4705123
1610773286.80,37,5672377,-122,-4705296
1610773347.20,37,5672356,-122,-4705261
1610773407.60,37,5672391,-122,-4705334
1610773468.00,37,5672400,-122,-4705346
1610773528.40,37,5672378,-122,-4705115
1610773588.80,37,5672425,-122,-4705095
1610773649.20,37,5672287,-122,-4705301
1610773709.60,37,5672335,-122,-4705086
1610773770.00,37,5672300,-122,-4705150
1610773830.40,37,5672376,-122,-4705017
1610773890.80,37,5672387,-122,-4705093
1610773951.20,37,5672421,-122,-4705262
1610774011.60,37,5672441,-122,-4705487
1610774072.00,37,5672478,-122,-4705589
1610774132.40,37,5672498,-122,-4705528
1610774192.80,37,5672416,-122,-4705523
1610774253.20,37,5672479,-122,-4705436
1610774313.60,37,5672464,-122,-4705526
1610774374.00,37,5672432,-122,-4705639
1610774434.40,37,5672341,-122,-4705867
1610774494.80,37,5672433,-122,-4705910
1610774555.20,37,5672392,-122,-4705886
1610774615.60,37,5672472,-122,-4705932
1610774676.00,37,5672422,-122,-4705917
1610774736.40,37,5672387,-122,-4705916
1610774796.80,37,5672356,-122,-4705883
1610774857.20,37,5672400,-122,-4705779
1610774917.60,37,5672456,-122,-4705912
1610774978.00,37,5672436,-122,-4705901
1610775038.40,37,5672424,-122,-4705728
1610775098.80,37,5672416,-122,-4705874
1610775159.20,37,5672453,-122,-4705600
1610775219.60,37,5672411,-122,-4705530
1610775280.00,37,5672434,-122,-4705592
1610775340.40,37,5672420,-122,-4705500
1610775400.80,37,5672463,-122,-4705543
1610775461.20,37,5672455,-122,-4705550
1610775521.60,37,5672475,-122,-4705498
1610775582.00,37,5672490,-122,-4705286
1610775642.00,37,5672463,-122,-4705422
1610775702.40,37,5672481,-122,-4705340
1610775762.80,37,5672447,-122,-4705534
1610775823.20,37,5672475,-122,-4705205
1610775883.60,37,5672534,-122,-4705387
1610775944.00,37,5672518,-122,-4705427
1610776004.40,37,5672463,-122,-4705331
1610776064.80,37,5672455,-122,-4705455
1610776125.20,37,5672469,-122,-4705472
1610776185.60,37,5672455,-122,-4705636
1610776246.00,37,5672386,-122,-4705464
1610776306.40,37,5672360,-122,-4705553
1610776366.80,37,5672355,-122,-4705819
1610776427.20,37,5672300,-122,-4706000
1610776487.60,37,5672439,-122,-4706030
1610776548.00,37,5672427,-122,-4705913
1610776608.40,37,5672401,-122,-4706048
1610776668.80,37,5672407,-122,-4706079
1610776729.20,37,5672479,-122,-4705773
1610776789.60,37,5672345,-122,-4705823
1610776850.00,37,5672460,-122,-4705595
1610776910.40,37,5672491,-122,-4705612
1610776970.80,37,5672514,-122,-4705794
1610777031.20,37,5672448,-122,-4705890
1610777091.60,37,5672501,-122,-4705623
1610777152.00,37,5672464,-122,-4705471
1610777212.40,37,5672524,-122,-4705595
1610777272.80,37,5672481,-122,-4705718
1610777333.20,37,5672478,-122,-4705679
1610777393.60,37,5672473,-122,-4705745
1610777454.00,37,5672469,-122,-4705640
1610777514.40,37,5672512,-122,-4705717
1610777574.80,37,5672440,-122,-4705574
1610777635.20,37,5672528,-122,-4705621
1610777695.60,37,5672495,-122,-4705595
1610777756.00,37,5672477,-122,-4705755
1610777816.40,37,5672537,-122,-4705778
1610777876.80,37,5672541,-122,-4705804
1610777937.20,37,5672504,-122,-4705755
1610777997.60,37,5672505,-122,-4705825
1610778058.00,37,5672498,-122,-4705798
1610778118.40,37,5672555,-122,-4705972
1610778178.80,37,5672413,-122,-4706229
1610778239.20,37,5672402,-122,-4706131
1610778299.60,37,5672423,-122,-4706054
1610778360.00,37,5672427,-122,-4706080
1610778420.40,37,5672481,-122,-4706101
1610778480.80,37,5672373,-122,-4706152
1610778541.20,37,5672386,-122,-4705880
1610778601.60,37,5672390,-122,-4706040
1610778662.00,37,5672392,-122,-4705925
1610778722.40,37,5672349,-122,-4706015
1610778782.80,37,5672416,-122,-4706065
1610778843.20,37,5672461,-122,-4706076
1610778903.60,37,5672458,-122,-4706124
1610778964.00,37,5672463,-122,-4706096
1610779024.40,37,5672387,-122,-4706022
1610779084.80,37,5672517,-122,-4705959
1610779145.20,37,5672501,-122,-4705693
1610779205.60,37,5672487,-122,-4705770
1610779266.00,37,5672415,-122,-4705757
1610779326.40,37,5672459,-122,-4705707
1610779386.80,37,5672361,-122,-4705920
1610779446.80,37,5672440,-122,-4705865
1610779507.20,37,5672541,-122,-4705598
1610779567.60,37,5672522,-122,-4705701
1610779628.00,37,5672486,-122,-4705987
1610779688.40,37,5672458,-122,-4705958
1610779748.80,37,5672372,-122,-4706185
1610779809.20,37,5672474,-122,-4706047
1610779869.60,37,5672388,-122,-4706158
1610779930.00,37,5672429,-122,-4706129
1610779990.40,37,5672417,-122,-4706050
1610780050.80,37,5672461,-122,-4706142
1610780111.20,37,5672452,-122,-4706009
1610780171.20,37,5672414,-122,-4706171
1610780232.00,37,5672436,-122,-4706121
1610780292.40,37,5672378,-122,-4706056
1610780352.80,37,5672437,-122,-4705885
1610780413.20,37,5672436,-122,-4706111
1610780473.60,37,5672462,-122,-4705918
1610780534.00,37,5672503,-122,-4705872
1610780594.40,37,5672431,-122,-4705927
1610780654.80,37,5672482,-122,-4706079
1610780715.20,37,5672435,-122,-4706088
1610780776.00,37,5672450,-122,-4705832
1610780836.40,37,5672408,-122,-4705978
1610780896.80,37,5672384,-122,-4706202
1610780957.20,37,5672428,-122,-4706086
1610781017.60,37,5672466,-122,-4706089
1610781078.00,37,5672431,-122,-4706063
1610781138.40,37,5672407,-122,-4706169
1610781198.80,37,5672426,-122,-4706042
1610781259.20,37,5672425,-122,-4706050
1610781319.60,37,5672420,-122,-4706110
1610781380.00,37,5672366,-122,-4706188
1610781440.40,37,5672435,-122,-4705993
1610781500.80,37,5672518,-122,-4705975
1610781561.20,37,5672480,-122,-4705931
1610781621.60,37,5672467,-122,-4705846
1610781682.00,37,5672516,-122,-4705884
1610781742.40,37,5672440,-122,-4705543
1610781802.80,37,5672489,-122,-4705785
1610781863.20,37,5672486,-122,-4705920
1610781923.60,37,5672500,-122,-4705765
1610781984.00,37,5672469,-122,-4705944
1610782044.40,37,5672532,-122,-4705711
1610782104.80,37,5672473,-122,-4705777
1610782165.20,37,5672553,-122,-4705789
1610782225.60,37,5672511,-122,-4705724
1610782286.00,37,5672424,-122,-4705918
1610782346.40,37,5672560,-122,-4705679
1610782406.80,37,5672475,-122,-4705652
1610782467.20,37,5672506,-122,-4705517
1610782527.60,37,5672519,-122,-4705569
1610782588.00,37,5672470,-122,-4705865
1610782648.40,37,5672565,-122,-4705798
1610782708.80,37,5672484,-122,-4705838
1610782769.20,37,5672581,-122,-4705744
1610782829.60,37,5672530,-122,-4705822
1610782890.00,37,5672495,-122,-4705920
1610782950.40,37,5672528,-122,-4705981
1610783010.80,37,5672538,-122,-4705893
1610783071.20,37,5672515,-122,-4706005
1610783131.60,37,5672481,-122,-4706047
1610783192.00,37,5672514,-122,-4705652
1610783252.40,37,5672529,-122,-4705986
1610783312.80,37,5672556,-122,-4705782
1610783373.20,37,5672550,-122,-4705906
1610783433.60,37,5672475,-122,-4706109
1610783494.00,37,5672468,-122,-4706288
1610783554.40,37,5672433,-122,-4706152
1610783614.80,37,5672373,-122,-4706194
1610783675.20,37,5672485,-122,-4705927
1610783735.60,37,5672479,-122,-4706183
1610783796.00,37,5672446,-122,-4706099
1610783856.40,37,5672469,-122,-4706092
1610783916.80,37,5672524,-122,-4705941
1610783977.20,37,5672489,-122,-4705887
1610784037.60,37,5672520,-122,-4705753
1610784098.00,37,5672479,-122,-4706028
1610784158.40,37,5672542,-122,-4705810
1610784218.80,37,5672525,-122,-4705692
1610784279.20,37,5672475,-122,-4705999
1610784339.60,37,5672443,-122,-4706037
1610784400.00,37,5672498,-122,-4705715
1610784460.40,37,5672489,-122,-4705933
1610784520.80,37,5672465,-122,-4705934
1610784581.20,37,5672558,-122,-4705875
1610784641.60,37,5672465,-122,-4705703
1610784702.40,37,5672497,-122,-4705729
1610784762.80,37,5672558,-122,-4705749
1610784823.20,37,5672535,-122,-4705650
1610784883.60,37,5672474,-122,-4706018
1610784944.00,37,5672552,-122,-4705741
1610785004.40,37,5672507,-122,-4705701
1610785064.80,37,5672489,-122,-4705906
1610785125.20,37,5672515,-122,-4705676
1610785185.60,37,5672514,-122,-4705963
1610785246.00,37,5672513,-122,-4705816
1610785306.40,37,5672439,-122,-4705882
1610785366.80,37,5672579,-122,-4705690
1610785427.20,37,5672492,-122,-4705804
1610785487.60,37,5672475,-122,-4705767
1610785548.00,37,5672497,-122,-4706065
1610785608.40,37,5672498,-122,-4705903
1610785668.80,37,5672461,-122,-4705830
1610785729.20,37,5672429,-122,-4706115
1610785789.60,37,5672477,-122,-4705925
1610785850.00,37,5672497,-122,-4705966
1610785910.40,37,5672470,-122,-4706192
1610785970.80,37,5672524,-122,-4705993
1610786031.20,37,5672516,-122,-4705951
1610786091.60,37,5672499,-122,-4705768
1610786152.00,37,5672456,-122,-4706045
1610786212.40,37,5672505,-122,-4706029
1610786272.80,37,5672439,-122,-4706023
1610786333.20,37,5672494,-122,-4705899
1610786393.60,37,5672453,-122,-4706059
1610786454.00,37,5672512,-122,-4705923
1610786514.40,37,5672528,-122,-4705967
1610786574.80,37,5672510,-122,-4705969
1610786635.20,37,5672493,-122,-4705993
1610786695.60,37,5672520,-122,-4705937
1610786756.00,37,5672503,-122,-4705778
1610786816.40,37,5672521,-122,-4705870
1610786876.80,37,5672492,-122,-4705884
1610786937.20,37,5672435,-122,-4705844
1610786997.60,37,5672513,-122,-4705815
1610787058.00,37,5672517,-122,-4705898
1610787118.40,37,5672502,-122,-4705682
1610787178.80,37,5672477,-122,-4705735
1610787239.20,37,5672522,-122,-4705506
1610787299.60,37,5672448,-122,-4705371
1610787360.00,37,5672536,-122,-4705512
1610787420.40,37,5672529,-122,-4705474
1610787480.80,37,5672532,-122,-4705622
1610787541.20,37,5672469,-122,-4705593
1610787601.60,37,5672524,-122,-4705663
1610787662.00,37,5672498,-122,-4705700
1610787722.40,37,5672430,-122,-4705987
1610787782.80,37,5672341,-122,-4706259
1610787843.20,37,5672342,-122,-4706279
1610787903.60,37,5672221,-122,-4706378
1610787964.00,37,5672218,-122,-4706362
1610788024.40,37,5672151,-122,-4706373
1610788084.80,37,5672030,-122,-4706590
1610788145.20,37,5672059,-122,-4706561
1610788205.60,37,5671991,-122,-4706693
1610788266.00,37,5672042,-122,-4706695
1610788326.40,37,5672143,-122,-4706660
1610788386.80,37,5672218,-122,-4706576
1610788446.80,37,5672324,-122,-4706404
1610788507.20,37,5672326,-122,-4706437
1610788567.60,37,5672345,-122,-4706375
1610788628.00,37,5672356,-122,-4706425
1610788688.40,37,5672403,-122,-4706384
1610788748.80,37,5672427,-122,-4706055
1610788809.20,37,5672397,-122,-4706329
1610788869.60,37,5672443,-122,-4706281
1610788930.00,37,5672354,-122,-4706279
1610788990.40,37,5672341,-122,-4706407
1610789050.80,37,5672375,-122,-4706261
1610789111.20,37,5672430,-122,-4705959
1610789171.20,37,5672458,-122,-4706077
1610789232.00,37,5672432,-122,-4706175
1610789292.40,37,5672399,-122,-4706286
1610789352.80,37,5672390,-122,-4706287
1610789413.20,37,5672355,-122,-4706394
1610789473.60,37,5672417,-122,-4706384
1610789534.00,37,5672476,-122,-4706238
1610789594.40,37,5672426,-122,-4706346
1610789654.80,37,5672365,-122,-4706339
1610789715.20,37,5672346,-122,-4706383
1610789775.60,37,5672352,-122,-4706219
1610789836.00,37,5672298,-122,-4706298
1610789896.40,37,5672489,-122,-4706236
1610789956.80,37,5672431,-122,-4706237
1610790017.20,37,5672376,-122,-4706448
1610790077.60,37,5672401,-122,-4706332
1610790138.00,37,5672441,-122,-4706149
1610790198.40,37,5672439,-122,-4706136
1610790258.80,37,5672396,-122,-4706401
1610790319.20,37,5672403,-122,-4706448
1610790379.60,37,5672366,-122,-4706523
1610790440.00,37,5672443,-122,-4706279
1610790500.40,37,5672331,-122,-4706265
1610790560.80,37,5672410,-122,-4706386
1610790621.20,37,5672438,-122,-4706189
1610790681.60,37,5672367,-122,-4706226
1610790742.00,37,5672435,-122,-4706149
1610790802.40,37,5672355,-122,-4706144
1610790862.80,37,5672401,-122,-4706194
1610790923.20,37,5672425,-122,-4706312
1610790983.60,37,5672415,-122,-4706155
1610791044.00,37,5672490,-122,-4706009
1610791104.40,37,5672376,-122,-4706223
1610791164.80,37,5672430,-122,-4706298
1610791225.20,37,5672405,-122,-4706269
1610791285.60,37,5672443,-122,-4706177
1610791346.00,37,5672398,-122,-4706240
1610791406.40,37,5672310,-122,-4706479
1610791466.80,37,5672492,-122,-4706224
1610791527.20,37,5672339,-122,-4706325
1610791587.60,37,5672430,-122,-4706221
1610791648.00,37,5672419,-122,-4706221
1610791708.40,37,5672466,-122,-4706059
1610791768.80,37,5672375,-122,-4706168
1610791829.20,37,5672441,-122,-4706109
1610791889.60,37,5672407,-122,-4706284
1610791950.00,37,5672441,-122,-4705900
1610792010.40,37,5672304,-122,-4706199
1610792070.80,37,5672234,-122,-4706329
1610792131.20,37,5672115,-122,-4706165
1610792191.60,37,5672102,-122,-4706290
1610792251.60,37,5672053,-122,-4706281
1610792312.00,37,5672057,-122,-4706318
1610792372.40,37,5672149,-122,-4706067
1610792432.80,37,5672167,-122,-4706147
1610792493.20,37,5672220,-122,-4706260
1610792553.60,37,5672136,-122,-4706449
1610792614.00,37,5672195,-122,-4706227
1610792674.40,37,5672073,-122,-4706422
1610792734.80,37,5672232,-122,-4706524
1610792795.20,37,5672260,-122,-4706549
1610792855.60,37,5672348,-122,-4706290
1610792916.00,37,5672395,-122,-4706306
1610792976.00,37,5672363,-122,-4706177
1610793036.80,37,5672490,-122,-4706001
1610793097.20,37,5672303,-122,-4706422
1610793157.60,37,5672376,-122,-4706357
1610793218.00,37,5672397,-122,-4706210
1610793278.40,37,5672450,-122,-4706145
1610793338.80,37,5672396,-122,-4706123
1610793399.20,37,5672384,-122,-4706106
1610793459.60,37,5672411,-122,-4706214
1610793520.00,37,5672481,-122,-4706159
1610793580.40,37,5672497,-122,-4706107
1610793640.80,37,5672427,-122,-4705975
1610793701.20,37,5672405,-122,-4706295
1610793761.60,37,5672468,-122,-4705987
1610793822.00,37,5672446,-122,-4706038
1610793882.40,37,5672465,-122,-4706202
1610793942.80,37,5672483,-122,-4705992
1610794003.20,37,5672488,-122,-4706066
1610794063.60,37,5672522,-122,-4706030
1610794124.00,37,5672543,-122,-4706054
1610794184.40,37,5672528,-122,-4705858
1610794244.80,37,5672391,-122,-4706035
1610794305.20,37,5672439,-122,-4706082
1610794365.60,37,5672461,-122,-4705755
1610794426.00,37,5672414,-122,-4706061
1610794486.40,37,5672540,-122,-4705929
1610794546.80,37,5672498,-122,-4705743
1610794607.20,37,5672459,-122,-4705821
1610794667.60,37,5672469,-122,-4705464
1610794728.00,37,5672432,-122,-4705755
1610794788.40,37,5672464,-122,-4705902
1610794848.80,37,5672531,-122,-4705592
1610794909.20,37,5672515,-122,-4705589
1610794969.60,37,5672532,-122,-4705518
1610795030.00,37,5672459,-122,-4705526
1610795090.40,37,5672533,-122,-4705432
1610795150.80,37,5672447,-122,-4705314
1610795211.20,37,5672553,-122,-4705535
1610795271.60,37,5672578,-122,-4705620
1610795332.00,37,5672544,-122,-4705706
1610795392.40,37,5672556,-122,-4705684
1610795452.80,37,5672547,-122,-4705781
1610795513.20,37,5672538,-122,-4705839
1610795573.60,37,5672528,-122,-4705660
1610795634.00,37,5672517,-122,-4705830
1610795694.40,37,5672458,-122,-4705787
1610795754.80,37,5672548,-122,-4705947
1610795815.20,37,5672409,-122,-4705896
1610795875.60,37,5672539,-122,-4705829
1610795936.00,37,5672506,-122,-4705648
1610795996.40,37,5672436,-122,-4706285
1610796056.40,37,5672504,-122,-4706037
1610796116.80,37,5672444,-122,-4706002
1610796177.20,37,5672445,-122,-4706094
1610796237.60,37,5672505,-122,-4705673
1610796298.00,37,5672552,-122,-4705696
1610796358.40,37,5672461,-122,-4705819
1610796418.80,37,5672482,-122,-4705592
1610796479.20,37,5672518,-122,-4705778
1610796539.60,37,5672564,-122,-4705967
1610796600.00,37,5672537,-122,-4705806
1610796660.40,37,5672552,-122,-4705574
1610796720.80,37,5672484,-122,-4705736
1610796780.80,37,5672519,-122,-4705606
1610796841.60,37,5672504,-122,-4705796
1610796902.00,37,5672547,-122,-4705813
1610796962.40,37,5672541,-122,-4705805
1610797022.80,37,5672475,-122,-4705891
1610797083.20,37,5672481,-122,-4705841
1610797143.60,37,5672476,-122,-4705723
1610797204.00,37,5672419,-122,-4706008
1610797264.40,37,5672420,-122,-4705874
1610797324.80,37,5672371,-122,-4705951
1610797385.20,37,5672461,-122,-4705746
1610797445.60,37,5672452,-122,-4705804
1610797506.00,37,5672504,-122,-4705724
1610797566.40,37,5672494,-122,-4706009
1610797626.80,37,5672387,-122,-4706248
1610797687.20,37,5672435,-122,-4706106
1610797747.60,37,5672461,-122,-4705895
1610797808.00,37,5672487,-122,-4706116
1610797868.40,37,5672473,-122,-4706202
1610797928.80,37,5672441,-122,-4705980
1610797989.20,37,5672393,-122,-4706266
1610798049.60,37,5672484,-122,-4706155
1610798110.00,37,5672392,-122,-4706387
1610798170.40,37,5672492,-122,-4705907
1610798230.80,37,5672513,-122,-4705644
1610798291.20,37,5672482,-122,-4705899
1610798351.60,37,5672524,-122,-4705777
1610798412.00,37,5672518,-122,-4706056
1610798472.40,37,5672454,-122,-4706141
1610798532.80,37,5672509,-122,-4705738
1610798593.20,37,5672574,-122,-4705491
1610798653.60,37,5672496,-122,-4705631
1610798714.00,37,5672480,-122,-4705955
1610798774.40,37,5672524,-122,-4706037
1610798834.80,37,5672453,-122,-4706039
1610798895.20,37,5672478,-122,-4706094
1610798955.60,37,5672481,-122,-4705685
1610799016.00,37,5672507,-122,-4705777
1610799076.40,37,5672552,-122,-4705804
1610799136.80,37,5672456,-122,-4705939
1610799197.20,37,5672463,-122,-4705882
1610799257.60,37,5672467,-122,-4706045
1610799318.00,37,5672508,-122,-4705901
1610799378.40,37,5672516,-122,-4705926
1610799438.80,37,5672431,-122,-4706104
1610799499.20,37,5672357,-122,-4706368
1610799559.60,37,5672459,-122,-4706237
1610799620.00,37,5672445,-122,-4706170
1610799680.40,37,5672408,-122,-4706307
1610799740.80,37,5672458,-122,-4706059
1610799801.20,37,5672436,-122,-4706070
1610799861.60,37,5672402,-122,-4706079
1610799922.00,37,5672436,-122,-4706213
1610799982.40,37,5672435,-122,-4706325
1610800042.80,37,5672387,-122,-4706409
1610800103.20,37,5672428,-122,-4706181
1610800163.60,37,5672478,-122,-4706078
1610800224.00,37,5672471,-122,-4706031
1610800284.40,37,5672526,-122,-4705925
